JAN,商品名,Type,BodyAxis,SweetAxis,PC1,PC2,PC3,PC4,PC5,PC6,PC7,PC8,PC9,PC10
850755000028,オー・ボン・クリマ シャルドネ サンタ バーバラ カウンティー,White,1.1425042913054484,0.6242569726373524,0.9914880911962742,2.7005705020543744,-1.8177378249446605,3.6324021703036444,-1.6722094527395215,-0.20685102460159088,-1.1333876413241972,-1.2490804551957078,0.8935422654008237,0.06509065118695771
850832004260,ブレッド＆バター シャルドネ,White,0.7023881389959389,1.6500981111100044,-0.6567712788919489,1.8056202244206332,0.5279709035573612,1.4289252451086718,-2.9634539609316,1.6331979810537243,0.22536513960021756,-0.23350534804957002,-0.35011254693534416,0.39819516856100523
4524919310709,シャンモリ 山梨県産葡萄使用 甲州,White,-0.9359437024094205,3.181942284885465,-4.505566562450555,4.025516373301567,0.47442956067189196,1.4957272545057936,-1.3607055937098473,-0.4877858215398375,-2.338914673411642,2.254164686186504,4.827149471118355,-0.5157211333641073
4901777301702,ダークホース シャルドネ,White,-0.4101196119867109,0.8873408353159089,-1.4673375527827068,1.4804470135030403,-0.22555756975181093,0.5762926438378156,-5.048471178847545,2.594236766087623,1.64703267571337,0.6637631984407294,0.09634066855445064,0.532897735781315
4935919044714,コート　デュ　ローヌ　ヴィエイユ　ヴィーニュ,Red,2.9408763392986983,-0.977179023138813,5.136206227437173,0.9274195808986062,-2.309359408288008,-1.5351122162202626,-0.8605671164713662,1.9525719833209287,0.39502432043511193,-0.42232199130855885,0.5723435413900398,-0.4875940236926877
4935919045049,ペイ　ドック　カベルネ　ソーヴィニヨン,Red,-0.193490907920148,-1.4370901046816056,1.1634526385050485,-2.553643480985934,0.5212911645930364,-1.3486347579250173,-0.7067966866122739,-1.6674699759441642,0.8327593445377737,0.7660425232834817,1.5403498927350219,-0.36814465330358864
4935919046091,ペイ　ドック　シャルドネ　キュヴェ　ド　ブリュ,White,-3.371820771832409,-0.7602313918291728,-4.008243273587538,-0.5035814609434692,-0.5715480839231215,0.14535960299078254,-1.0368764134798505,-1.0740343614380283,0.13664257166618182,-1.2963265649372975,1.0382293418529784,0.18692794337115984
4935919049924,コート　デュ　ローヌ　ルージュ　ル　プティ　アンデゾン,Red,0.8695808908999412,-1.3920318737340214,2.621804963225197,-0.8171021814906171,-1.1515281735996679,-1.8635754611473823,-0.8217003964512344,2.2742607792797527,-0.4436832391463502,-0.7632365665102634,0.5637916870784334,0.49895940065466204
4935919050357,モンテプルチャーノ　ダブルッツォ,Red,1.6503729185504508,-1.5634164633342573,3.8973962277215723,-1.725263958387099,-0.48574080769758654,1.991686704919379,-0.30416156701121666,-1.0584666826848192,-0.20526814189090767,0.48261790648404723,-0.7887819234009854,-1.828521120298149
4935919050562,ファンティーニ　モンテプルチャーノ　ダブルッツォ,Red,0.536994373428401,-0.08326162939116806,0.8426863552116551,-2.985764392197618,2.868014666687346,3.865315101573381,2.8400470297698313,-1.0313311812189268,1.2251820530041526,1.1412007983126113,0.6648916195249479,-0.014816158428266994
4935919050579,ファンティーニ　トレッビアーノ　ダブルッツォ,White,-4.510904494455261,-0.8664382546208419,-5.512944060007538,-0.6761754790374912,-0.5491532516061766,-1.001064123075434,0.29008930942650657,-0.738870215214004,0.7322909650590654,0.08564544918434419,-0.43161593900674317,0.5164099942429853
4935919050883,ファンティーニ　サンジョヴェーゼ　テッレ　ディ　キエティ,Red,5.38338312728631,2.6456311294459707,4.967622300612815,2.6854024397716367,1.0560849845273048,-2.755026460441584,1.3571511436716157,-0.3024308001141505,0.31285789777927114,0.04203573206798528,-0.8867008926735309,0.520846896553636
4935919052504,ファレーリオ,White,-2.7431513308555626,-0.9416660068538847,-2.937735808883857,-1.5656848133537788,0.23396797523529914,-1.4486611919197043,0.38609844782127556,-0.3131806472770986,-0.9296778101637873,-0.41254791500850374,2.0494417415629345,-0.6487287678093056
4935919052726,ファンティーニ　シャルドネ,White,-2.4129605486065473,0.6624720015306482,-4.074913534841252,0.18647521414350784,0.7504016751135847,-1.0189607634828999,-1.318446177486518,-2.169448734742861,1.3825813690573783,0.13992641760048433,0.12631153933359035,1.0004127943729253
4935919053150,ファンティーニ　プリミティーヴォ,Red,6.177568318094416,3.767487435703346,4.968913462232128,3.657241254130086,1.67079057351182,-1.597362713726473,0.10122404384260929,-0.13061302284203966,-0.8771742229563457,-0.15626776648507343,-0.8333694756717058,1.424900479458989
4935919053266,ロッソレアーレ,Red,3.3704179439444033,1.1877552413351575,3.5787355258566604,-0.8700180099560514,2.54975758103196,0.8631809425205084,-0.21408864831711233,-1.8571885879331766,-0.81326172182685,0.23023638237821073,0.9327977888211247,-0.3602223178671043
4935919054034,モリ　ロッソ,Red,2.7135604234174564,-0.7601039228763674,4.597657875992213,-0.40433543969160235,-0.6706138368531496,0.40919589595882827,1.2958546316566009,0.6961822553907189,0.16605952788044068,-0.3768542022539047,-0.5018021791705326,0.8849793448516875
4935919054836,ピエモンテ　バルベーラ,Red,8.081205603480836,-0.3673208922306656,11.795871456998716,5.574432650359594,-6.093902837895187,-4.117945495770983,3.3009717132289143,-4.300588166337638,-0.04864942763770689,-0.7652523688046148,5.629823970278623,4.16050383417041
4935919054874,ザブ　ネーロ　ダーヴォラ,Red,4.579829488990255,1.101294215916304,5.375562760769956,1.577143450539723,-0.01967823422784229,1.3537501951083184,1.1521603885727145,-0.33650296871729624,-2.5244825430699094,2.633469782733312,-0.9657236115825159,-0.5086776032679085
4935919054980,ファンティーニ　ピノ　グリージョ,White,-2.2305474111310977,-0.43323029959088055,-2.721240100746914,0.5947630850497648,-1.2074432503621473,-1.5906303949699045,-0.12093469701884596,-0.9160845654685033,1.2992222223091507,0.7442898777349872,-0.5629440221663122,0.4248297362396076
4935919055352,ザブ　シラー,Red,5.176135343521917,1.6705620123321334,5.649598791155281,0.32432084289731555,2.0382106117280774,1.2994763263172366,0.20309650057538536,-1.0183812566710901,-1.589145260579582,4.146309795420599,-1.8811300648174496,-2.2736981800741525
4935919055406,ジ　ガルガネガ,White,-2.7071917269180203,0.41509383787330534,-4.24364109402501,1.2134802192176326,-0.6264488840397054,0.8770162458144553,-0.8770628031757368,1.0029890702527438,-0.35754354225000834,0.22807952809369106,0.3793335361747401,-0.8643241098577003
4935919055413,エッセ　ソアーヴェ,White,-3.0278474015284282,0.08355571960682785,-4.365578579644466,-0.39010416511387,0.5082697969956895,-0.41041003147923993,-2.0788893476932744,-1.949013730372256,1.1168176097441458,1.060605542192021,0.8373894483366413,0.9474420858191188
4935919055420,チ　シャルドネ,White,-1.6414219064628641,0.5221912487442114,-2.843512370440296,3.094165109276617,-2.3556751631500106,-0.6726279810020255,-1.3022360213631228,0.16340116766420282,0.5276482903969698,0.35592348636436466,0.23149449018632406,0.3106160963362551
4935919055437,チ　コルヴィーナ,Red,-0.3148699726031319,-0.16898583357834293,-0.27630755206105106,-1.721151259614115,1.4821692019186996,-0.5105413241252228,0.6123180221458168,1.338711645033468,-1.4140583205556374,-0.15890756516178806,-0.2871714361568978,1.56665152393781
4935919055505,ヴェレノージ　パッセリーナ,White,-1.9503845323726738,0.6224937831287634,-3.3807540406529055,1.8507179808663565,-0.9703788302727232,1.5205014543867732,3.1039747645715785,0.5222327405828837,0.20665896074013806,0.44501534928007136,-0.5544873444611216,0.5125911023334045
4935919055604,プライヴェート　キュヴェ　ブリュット,Spa,-1.2015315603977235,2.5939097496751073,-4.2931319780088755,2.090656619815863,1.5776857277464738,-2.012303654661808,1.7887125852299768,-0.3210269885377872,0.08767331998931169,-1.3823556475084702,-0.361849654322604,-1.1096607090182875
4935919055833,サリチェ　サレンティーノ　ロッソ　フォルテ　インカント,Red,4.277978564146096,1.9622626386936763,4.087712666263112,-0.7206044851465575,3.495662921725171,-0.20508466285100518,-0.9015004447103913,-0.03693532009840467,0.2638274875470176,-1.7270163331244812,-0.046641660855584174,0.18016516047765715
4935919055970,ロッソ　ピチェーノ,Red,3.0305074142780715,-0.2322133321019837,4.517998018246253,0.10442606375190909,-0.4328253073743821,-0.03260160064169054,0.6084673669162699,0.05468310441467741,-1.242512334655471,2.006081083399882,-0.40187336054251355,-2.2098109909802104
4935919055987,モンテプルチャーノ　ダブルッツォ,Red,1.2891164931013348,0.013629592268736728,1.8094564357540133,-0.8276554852640248,0.8469306395000877,-0.9130190547123846,0.9255925986607311,0.6087445433190413,-0.027996879294643527,0.35291477471294613,0.5846394005657557,-1.6925113286313824
4935919056229,ザブ　グリッロ,White,-4.456088467917005,-1.5579434018985558,-4.74391734456402,-2.033276123855239,-0.16998856451937647,-0.9449020390160633,-1.4226861063858016,-1.1362392207273029,1.7313186509350864,0.47894012828087296,-0.36069683747777775,1.2165283820426456
4935919056397,コメ,Red,1.9988418168122497,1.9339719220780487,0.8928172842963127,-0.48565440051098163,3.2207037219625207,-1.7637153863784651,0.7502292739927671,1.1319091825970529,-1.7530435800916089,-1.6933082737568461,0.4546172582480499,1.377817244698838
4935919056731,イ　ムーリ　ネグロアマーロ,Red,4.65910934545299,2.616684761879659,3.9722908630391927,0.9908363869853026,2.709714691719924,4.874602005946305,1.3507715186506144,-1.303211331695758,1.9523309789311907,1.6280069360897453,-1.2977302387356153,2.0394187932926715
4935919057165,トレッビアーノ　ダブルッツォ　スペリオーレ,White,-2.460719228009481,-0.2563204699989955,-3.2236620354442658,0.5105903743727511,-0.8730822593591766,1.4507550422191937,0.8982760008408659,-1.7124602607840886,-1.0496528850738425,-0.5271762724145318,-1.7857480771762329,0.38788677988139453
4935919057615,リゾーロ　フリッツァンテ　セッコ,Spa,-3.4775281704612917,-1.202358272932523,-3.715609229268332,-0.05392660775537602,-1.6464647686572897,-0.4128597803597322,-0.8372120055119592,2.4290597037437314,-0.8626933987404625,1.4079084662514951,0.8796033726350018,-0.416081060828451
4935919057950,イル　ビアンコ,White,-4.400027544843523,-1.1816835862033483,-5.040895042529554,-0.8755714038099742,-0.7955815502324775,0.29948664192464663,0.2134506908727662,0.7502173834630937,-1.2150497993809493,1.361951681705125,0.30731599217241445,-1.041463775703385
4935919057967,ヴェルディッキオ　デイ　カステッリ　ディ　イエージ　クラッシコ,White,-3.8946185325371085,-0.8081772231520148,-4.699645125831566,1.0823241201676652,-2.225259309950272,-0.1959708135633074,-1.9546103503020673,0.46381216082144144,0.0752702053522905,1.5451623249525634,0.21751102183464124,0.11960159305090869
4935919058186,ビアンコ　トスカーナ,White,-1.6941847925758458,0.8565302085414944,-3.2524693193685046,1.7073535164294023,-0.49603687892776543,-0.32046074476197,-0.5626079137854216,1.0010435777596312,0.5818378837140072,1.2005967657447936,-0.2469562129247183,0.42987859828945313
4935919058193,ロッソ　トスカーナ,Red,3.650822738662291,2.426915331665008,2.73612769917129,1.0479979852750725,2.3841785914967804,-0.6265723757901892,-0.7916246487659145,-0.056034990650512595,1.4973000185810648,0.3932243249113497,0.5744647872403666,1.4934373194043924
4935919058513,ポルタ　モンティカーノ　ロゼ　エクストラ　ドライ,Spa,-0.41580209483578995,2.6834113871068346,-3.2714443488867526,2.637139583767466,1.1577771933054188,-1.3301754401642685,0.016822750196273082,0.9680388159478526,0.7119511427030474,1.872324133133699,-0.32866870551713084,-0.9405014152989193
4935919058605,コントログエッラ　パッセリーナ,White,-5.923672223262139,-1.0156622195472416,-7.36167537764286,-0.18698660546502946,-1.2493766802086397,4.377090768270427,4.7882101028770565,-1.8712413595811328,-1.60946981482245,-0.9737903557672093,-1.2309232026799473,-1.4091737002463158
4935919059435,クストーツァ,White,-4.678234041936734,-0.6555826430525872,-5.960439387009845,-2.390634005787107,1.4635001407257386,0.4007699346919841,-0.35574696878357337,-0.4156077782601541,0.7195252516522049,0.049467313770219415,-0.47663509824379297,-0.2576165442346551
4935919059442,バルドリーノ　キアレット,Rose,-1.7337559736737913,0.23417797874635418,-2.6860791905612005,1.6211562931574848,-1.2899786196052723,-1.4081182204694576,-0.42624892716105917,-0.8422909868142231,1.701540931052229,0.6019103711065891,-0.004691348501759344,0.9249983891071911
4935919059459,バルドリーノ,Red,-2.5984077174544504,-0.3893064886634808,-3.2853969459355206,-4.101789497381881,3.5512269811941386,-0.003473514366660402,1.0825088678679236,1.3817708348734679,-1.9137113915886694,-0.2351355115673193,-0.6365324937383556,1.7365441454670414
4935919059466,ガルダ　メルロ,Red,-0.05508129290146431,-0.46648808109471424,0.3885913696404185,-3.0303725191788176,2.3706587482092725,-0.9019345082929103,1.2541998792447002,0.20334307999153164,-0.8352939794409383,-0.32775108927897123,-0.356198263925694,0.8869615832795209
4935919059473,デッレ　ヴェネツィエ　ピノ　グリージョ,White,-3.170147081702923,0.5257675660889488,-5.009032563750711,0.5775072113060583,0.16604041131282568,0.4722309744940113,-1.411908462817739,-0.7802938481228338,0.4553850773342071,0.3465518207171487,-0.5670326778261445,0.48757184661893255
4935919059480,ロッソ　デル　モリーノ,Red,1.0872607894516733,0.7741430181510188,0.7634759361280158,-1.8073785292581737,2.9021820847437856,-0.4585148443210387,0.2607774813347202,-1.940932466808158,-2.2044162968764964,-0.8805327021548688,1.734210239561715,2.3343928654086965
4935919059503,エコシステマ　シャルドネ　ビオロジコ,White,-1.625839560142616,1.5016507258759506,-3.8009350820723458,1.0741640353308328,1.0494907871503396,3.25635419471215,1.4869678353709073,-1.3786446557599916,2.5321125147656414,-0.1373645708773832,-0.5765891465538115,1.7545545201252344
4935919059527,テッレーノ　ネグロアマーロ　ビオロジコ,Red,4.7895129160422245,1.662419372829137,5.1109747501988885,0.43279373599088944,1.918222287415851,3.5327332345419618,1.8727346514181422,-1.0643214751028411,2.8061441247562033,1.7273999558819493,-1.0003918625633255,1.2907495049474136
4935919059558,パッソ　デル　カルディナーレ　プリミティーヴォ　ディ　マンドゥーリア,Red,8.90823634245568,5.663482175753801,6.934666476571917,4.63229380884718,3.3770794943621296,1.2625187014938974,-1.0556878510903438,-0.8441209784617364,-0.7852266719493545,0.5596056211270128,-0.8965814321286866,0.756978701992461
4935919061353,ライセス　シャルドネ,White,-2.3775884972993686,-0.06529290563051987,-3.297124992992514,3.2013204387783607,-3.2936585514477885,1.9956886348848153,1.0586094951592262,-0.5772561960967996,-2.1144465205485563,-2.5154967787747204,-0.11692296900820695,-2.537048100434915
4935919061360,ライセス　マルベック,Red,3.7399250893329685,0.08912964959381692,5.199923134000277,0.13410237593613408,-0.008054016670996571,0.33494266862440714,-1.0279419630610545,0.054699489376623084,-0.8507079812916023,0.2002698868272187,0.07801764449423865,-2.374043455051509
4935919070768,マルケス　デ　ラ　コンコルディア　リオハ　サンティアゴ,Red,1.3835105573106137,-1.4225449593325,3.379124353167529,0.21765278309575647,-2.229435157669261,-2.2941745068109882,1.6226708230357472,1.4920025870995695,-0.09209201789973546,0.1710047397495368,-0.8494376549865873,0.7192458985576811
4935919070942,カバ　セレクション　エスペシャル　ブルット,Spa,-2.283787710433137,0.7564482457702872,-3.9862117994458286,1.1424829022674916,-0.07270353386581499,-2.351133387201611,0.9343375968602223,2.53347777625011,-0.5216220898764106,1.3392756553672915,0.598252776262641,0.10779828256682841
4935919070959,カバ　セレクション　エスペシャル　ブルット　ロゼ,Spa,0.30613134001813613,2.9098488279641,-2.4769137350430026,4.021618965252929,0.09352871170935681,-1.9874630656404282,0.3369672392671192,1.9412106754664173,-2.5625834214694954,1.8398232213761672,-0.9046504324586264,-0.5277360447105978
4935919071024,オルキデア,White,-6.121101869585529,-2.2607504379413057,-6.395794842693858,-3.551934269632577,0.35475033915506815,-0.24050147605782693,-0.8913321189438412,0.07758511576045068,1.2146861414397263,0.736131448536716,0.03783703327571207,0.6077356894707054
4935919071048,ノルテ,Red,-1.9712098431422205,-1.8195821824533975,-0.9681295120016721,-3.6715160613634645,1.098238261085434,0.13384958543630182,-0.03508013043693905,1.0489449044552048,-1.0867175839833143,-0.4102753459205861,0.21762663646725508,-0.038815657017878064
4935919071079,ナバエルス,Red,-1.04432930727425,-1.7243756002568889,0.24747093032594514,-3.7100730600310183,1.2714376995224794,0.20706488998510283,-0.6690198185190603,1.3317924200497913,-1.1593640270593482,-1.0709341750516213,0.5955281146714457,-0.374216948665319
4935919071239,アシエンダ　ゾリータ,Red,3.4183862606042767,-1.2949163622002557,6.129244573376674,-0.37000038620166265,-1.46128789536077,-0.12725198583498426,1.9889510200915028,-1.6414812217170347,0.4301319817565959,0.06811579811209653,2.0336148667372567,1.798639809591541
4935919071598,コモロコ,Red,-0.9696349069369482,-2.5890745160558364,1.2178036801152303,-4.397833614072233,0.7363293194715116,0.28390526154531753,-0.1742726284941676,-0.17554178592899217,-0.45990094686186955,-0.6683474981271116,-0.47425267371805724,-0.3717865550730986
4935919071604,ラヤ,Red,6.825330012907089,1.8400301015404172,7.812444170384921,2.218306338190722,0.38388918658247917,0.6237915676475894,-1.5673812791148378,0.651793908315433,3.201410349754074,-2.785846940470497,0.0118196024539462,0.3761129271768943
4935919071673,ドラゴン　レセルバ,Red,1.4190885936166104,-1.190566272588374,3.1974606078899463,0.09801892384056375,-1.7817338934390259,-0.40472349475611447,2.9844795345426234,0.6469705954696686,-1.0573958686264167,1.9708775466641641,-1.1289780421611102,1.1267793674119422
4935919071758,オノロ　ベラ,Red,5.492557123430647,0.5068520465292059,7.260796729535369,1.5574324208879247,-0.8406353825697627,1.1109791987996953,-1.0114966274680546,-0.3162829056187525,-0.3186913664207596,-0.7183192598968077,-0.2774235911928211,-0.9627227546089533
4935919071802,パルデバジェス　ティント　プリエト　ピクード,Red,1.3705472894269641,-1.2033212608884498,3.141567825469746,-0.6544467325580872,-1.0473065144822522,0.10558458623265984,0.6700820328101386,-0.04086585389797033,0.04068967733609996,-0.6409631790975167,-1.004649562714073,-0.4725610178485921
4935919071819,ガバルダ　ウノ,Red,2.852478918016742,0.26108546448825093,3.7729289077543573,0.42488348167047124,-0.05565287685270767,2.006540946413153,-1.3659226784279102,0.8445057470155375,0.20696095023200967,0.9010436950241435,1.1050953024943333,1.0612627728228516
4935919072052,ラ フラウタ デ バルトロ ティント,Red,4.277539910296727,-0.17488567543528935,6.224240630169113,-0.4597464060448787,0.21242071197951326,-0.05766484459121633,-0.46195978264277565,-0.9873259941137422,-0.8687123184339832,-0.8468770983453916,-0.4695263155385606,-0.5574651148623246
4935919072069,ラ　フラウタ　デ　バルトロ　ブランコ,White,-2.3023899227721163,-0.13318192441909843,-3.1228891302363717,2.6516720767066344,-2.840019760483072,1.1851402508812177,-2.0413995753415364,-1.0538251410380328,0.28825067856687964,-0.5190582352742469,-0.24941321011155154,-1.1457689249407101
4935919072076,オノロ　ベラ　ルエダ,White,-5.375630170496602,-2.061706831435939,-5.540582261982349,-2.9263908092024766,0.010697046548511426,-0.16426517779046043,-0.5715187945140469,-1.5071517756448856,1.0642910344156573,-0.6412829325222419,-1.2749570293226657,0.1088691043445895
4935919072083,ガバルダ　シャルドネ,White,-1.974281202963932,-0.6267957166325981,-2.1652595365372638,1.159654982657298,-2.0460779859564817,0.13950761267431097,-3.0917340421948514,1.5327926348476417,-0.5082363068956757,0.8064852738172195,0.2923539355795342,-1.0573970552087733
4935919072304,オノロ　ベラ　フミーリャ　モナストレル,Red,1.8798811391679913,-1.960775795816542,4.619329198477299,-2.436872068338933,-0.33608365487771963,2.0618366384308495,1.5699579027600432,-0.7908094217281607,0.14432939816294876,0.9045399668210468,-0.5639015706836134,0.23447112690083566
4935919072311,オノロ　ベラ　オーガニック,Red,2.982839622343257,-1.4146657122067285,5.633037960508404,-1.4696299975120315,-0.5310094389149179,2.1178863516395805,1.1982313365866746,-0.9901287023596953,0.0629063555810528,1.384724255057427,-1.9937237728391153,-0.25706768138984576
4935919072472,オノロ　ベラ　リオハ,Red,-2.7465803208199393,-2.705990015678343,-1.1782611241722623,-5.289858049990081,1.4630102701715844,-0.2008592633719825,-0.4966136729672625,0.4694935091238762,0.24476340625024023,-1.2933883757799034,-0.02086368016777214,-0.9156309870573829
4935919072571,ゴタ　デ　アレーナ,Red,-2.426956377206232,-3.1977306194451525,-0.23450400448777464,-5.902134640315714,1.3798606294806608,-0.25855636102559354,-1.3862673290215413,-0.32384141614678263,1.3841932927037501,-1.203353421295276,0.6315287622199546,-1.6678681868482272
4935919072663,エル　フィスゴン　ルエダ　ベルデホ,White,-4.2078628516058,-1.7029383431741976,-4.24787837017265,-1.8760645498965092,-0.532253950905609,-0.1388203135788793,-0.881783511980028,-1.8412486272230484,0.6755008382015866,0.16010826483257704,-1.0103638142876328,0.18050663887418522
4935919072670,シゲ　アル　コネホ　ブランコ　マカベオ,White,-2.537132214626142,0.39571224885107814,-3.9837590363090545,2.3433574419502095,-1.7837358128278575,1.0862520752705898,-2.506901390677338,2.560881724856094,-0.3582031472189111,1.4894609842586624,-0.07601216193739381,-0.3870516042389105
4935919072687,エル　ニーニョ　イ　ラ　ルナ　ブランコ,White,-3.0333889430932595,-0.5544840121422993,-3.7353757711327775,2.9826508633189217,-3.7668096734096093,2.1907294664353665,1.4900132363679321,-0.2585746386718557,-1.4812595452929747,-0.9807941383354349,-0.31142545244961034,-1.2735598758337385
4935919072694,シゲ　アル　コネホ　ブランコ　ガルナッチャ,Red,3.596842412316157,-0.37701345788730184,5.463716779103572,-0.5185475825530953,-0.014629962788304706,-1.71484790426057,-0.42165400854769225,0.16818383193666606,1.4184073790002196,-2.373692454767494,0.04579237763075297,-0.31478018434729177
4935919072700,エル　ニーニョ　イ　ラ　ルナ　ティント,Red,1.4943359269149743,-0.11587725283992222,2.229187387424449,-1.067190191259631,0.9033150087228768,1.4765237435946637,-1.1725419527366219,0.5881079337685018,1.2679362877933475,1.4489783538698378,-0.550046943009573,-0.29031158985393807
4935919072830,ドラゴン　カバ　グラン　トラディション　ブルット,Spa,-2.768678736500121,1.0562656365334675,-4.971768655545944,0.09851609166579206,1.395269096988488,-1.862032109463594,1.0526280416506424,1.5855670965554711,-1.047042674821166,0.900634781920022,0.6265474499036898,0.276500290444351
4935919072847,エル　ネン　デル　セラー,Red,1.0736357570575825,-1.9086600071876945,3.4270102558672333,-1.32222721208915,-1.3770256560348169,-1.6773982560913325,-0.5202857921057128,-0.0015983352712936967,-1.5929617320311278,-0.9864967112108534,-0.9569828532599893,0.8510913921334495
4935919072854,エル　ビヒア　デ　ラ　アタラヤ　オーガニック,Red,11.211266395688812,6.77345661194443,9.081668376216417,4.926237769955543,4.652876434801983,3.5658856403019517,-4.651931581153528,-0.9617652044044591,1.877261693350548,-3.1198636751277813,0.9392318300767527,-1.0164000520393464
4935919072946,コモロコ　オーガニック　SO2無添加,Red,5.36040022383929,-0.9010126909367909,8.48176338723809,0.6273404509455485,-1.9015648183386362,-0.024281331281105274,-0.12626546711031647,-0.8676743723981579,2.1607882934470846,1.2747408199547647,-1.8624249428645774,-2.316929205837016
4935919072977,シゲ　アル　コネホ　ブランコ　ブルット,Spa,3.098731899070327,6.119179797168139,-1.7369111193447453,6.835064516144961,1.8187625436096675,-2.9184919923944057,0.3765596593538447,-1.5610342885025652,-0.093944016711687,1.428003697930311,-1.8545959605544937,0.7255157543794777
4935919073011,メディオディア　ロサド,Rose,-0.9292833345147479,-0.3616837639146777,-0.9525213310433724,1.4243364131768812,-1.935834497395167,0.9860387240414764,-1.5338866241229219,1.8911673307001904,-0.2099396653431404,1.4160502496130492,-0.012894333911932288,2.844393744465484
4935919073028,マナデーロ　コレクシオン　デ　パルセラス,Red,1.4805214061422178,-1.636694687119241,3.730468139069251,-1.2720421869971752,-1.0425936369908448,0.40717620473810545,0.7531312608666167,0.6779975050136904,0.15792396617739285,0.15326252554683734,-0.82435869426648,-0.3673683151863392
4935919073035,ラ　ヴァディーナ,Red,-0.6554180748858045,-0.6958664251978721,-0.23103470533009748,-1.7786952684459492,0.7945915323310355,2.2532078411277907,-0.47432163711171355,0.021949971782270556,-2.405838208506812,-0.41727254491597937,1.4034048099460825,0.45484759310876616
4935919073042,オノロ　ベラ　ロサド,Rose,-3.1398078605767727,-0.7870161422956234,-3.653342717377701,1.542761064482661,-2.6557699667236854,1.49880311527946,-0.9236509357794209,-0.2156845705981404,1.2963879073121847,0.21626491071763915,-0.6665567301761995,-0.02299803197559927
4935919073059,カステロ　アフルタード　テンプラニーリョ,Red,3.3442663018440784,-0.08207812922632576,4.811584889481536,0.20497627489723916,-0.32105227842332057,2.9990599030771534,-2.8557258148419793,0.12685770879094432,1.640304616020754,1.5934270540619977,0.0676072328408791,-1.1959610130465241
4935919080118,カベルネ　ソーヴィニヨン　グラン　レセルバ,Red,2.742220594764175,-0.8166913947323148,4.694776950866626,-0.029084277487746713,-1.125891769216092,-0.8046084583038411,0.4360432258161304,-1.2017723741466433,-0.5269480759834478,-0.8134549738921476,0.2873427130616759,0.06402254070823757
4935919080163,ラ　ミシオン　デ　ピルケ　シャルドネ　レセルバ,White,-3.559148949825341,-1.2081714298203832,-3.825225285528573,-0.7065283103573233,-1.0020841113663566,0.7086804798239913,-1.5686235380495321,-3.1129674631337787,0.8739429532318099,-0.6143432918958537,0.5205723010387052,-0.07005688140293802
4935919080200,エスピノ　カベルネ　ソーヴィニヨン,Red,3.6830425560663613,-1.6034886105319042,6.812097344118223,-0.5107182790499594,-1.7569570610750496,-1.854424215238365,1.7749447051549077,0.4512784228662952,0.5383621838573244,0.1410657957401264,-1.1984234958270175,-0.4504768993158404
4935919080293,ソーヴィニヨン　ブラン　レセルバ,White,-1.5100387920331702,1.0516217569321742,-3.187139096334969,5.431106790243079,-3.9438890391029755,3.1792609794214988,0.4477578817692626,0.5747438451950403,-0.7364580779311145,-3.5194471555764366,-0.5698668298742244,-1.3752293806256397
4935919080316,サンジョヴェーゼ　レセルバ,Red,3.6119369581609795,1.984205397785102,3.1238448348827776,2.721188659078244,0.08490152500334908,4.20210286684737,-0.275749181265101,1.9963152601608076,-1.9753046355165562,-1.987586123682431,0.8664627029344883,2.3120491291644805
4935919080354,ラ　ミシオン　デ　ピルケ　カベルネ　ソーヴィニヨン　レセルバ,Red,-0.14115576234252494,-1.4381251282509788,1.2385007347390666,-3.0434434507857775,1.0096273900236965,-2.0463387808289704,0.11893326384504681,-0.211597801135841,0.4724214152370086,-1.5194058959350378,1.0687644220412247,0.32145239852313423
4935919080378,ヴィオニエ　レセルバ,White,-0.03352028294691702,1.3908673761579926,-1.4382722149161062,6.363377574951163,-4.3963940681262486,-0.5697884280542154,0.8693349506883881,-0.03767766048131076,0.3169798418572221,-2.8584323507616647,-1.1023005438534637,-0.9604888693329184
4935919080385,メルロ　レセルバ,Red,5.7143491050445565,0.08456841873361798,7.996741585754952,0.7976041624967652,-0.6780063577752358,2.8021760025017386,-1.469840876894617,2.3658207195124503,0.48166690503347226,-0.6924188256342313,0.004355410038190585,1.4370507125405574
4935919080392,シャルドネ　レセルバ,White,-3.6509544998371286,-0.24200511467297706,-4.9212242546037706,0.9660632948653054,-1.3083102101994857,0.9484621934711395,-0.014861320269487029,0.4433474740132756,-0.959021826693603,-1.4432328032239603,0.38551556019149,-1.5381327187767049
4935919080415,エスピノ シャルドネ,White,-3.315118044031118,-0.9339852796826719,-3.754299619053903,1.7177698544144426,-3.0386245039985056,2.755184900390474,1.1802541317927588,-0.5951522399481367,-1.3932277378898459,-2.6925203548817462,-0.4137213737258045,-1.7860869430808597
4935919080446,ペドロ　ヒメネス　レセルバ,White,-3.3941502307794327,-1.4310708323742012,-3.3689824567258433,2.2330154163784712,-4.256855196238621,-0.8589789830804266,1.266724766256596,-0.10618384624331767,0.2705139552026567,-1.9014985554860842,0.45758905820408996,-0.8595130525188965
4935919080644,ピノ　ノワール　レセルバ,Red,-1.8551613102615594,-2.075088285797022,-0.5485059995647167,-5.587902532238952,2.653284535343266,0.6954922333953756,-1.0082572951531603,2.5201848273640555,-0.5955948722604102,-1.9767899720110782,-0.19970077238074324,0.8715977544362552
4935919080668,ドンナ　マリア　シラー　アパッシメント,Red,5.958833867826002,1.1424980268440035,7.284565644963657,2.8443388230482634,-1.228602618500973,-0.18282918307088636,0.6460507632514606,2.754353404189159,2.4627193044691578,-0.17336432492846096,-0.5831771969659215,0.6279413724273747
4935919080903,シャルドネ　グラン　レセルバ,White,-1.1321516901952724,0.1780275321198531,-1.7791318070576299,3.0887480435812895,-2.8369790931815815,2.725201284597083,-2.3477438821993606,-1.345810087018201,1.3911624138930072,-1.9297717861963413,-1.4338702517842448,0.44906768091449667
4935919080910,ピノ　ノワール　グラン　レセルバ,Red,0.6040867791893066,0.06771914133651047,0.7865885746432882,0.13511440922778561,-0.03934508111743201,1.3624810072862785,-1.2927264573197685,2.411630173034716,-3.291492583960584,-0.13894055287644166,-2.097174224920311,3.500407068100605
4935919080927,メルロ　グラン　レセルバ,Red,2.602531586317634,-1.3084305437000843,4.988966009574848,-1.0912486049496928,-0.7591516153741692,0.5205797789576555,1.0960119617542157,0.6709661869504459,-1.0157479762724515,1.7328195094144676,-1.2671094999494765,-0.16433932383710148
4935919080965,ソーヴィニヨン　ブラン　グラン　レセルバ,White,-2.062621409037488,-0.8339659378025883,-2.083021232899331,2.3682637821975163,-3.547669721995134,0.3878134692135391,-1.1137772042177794,1.3390957830557582,0.8971771395357292,-0.5543192186458203,-1.09226050371613,0.1932674129394561
4935919092364,シャトー　デ　ゼサール　ルージュ,Red,1.694457469850684,-1.5868932428541538,3.983217977581391,-2.1764563899841716,-0.06774955609839461,-0.6778421633127539,0.587915583472906,-0.6806682553490851,0.26372468882873806,-0.20547889729670127,1.0040629288583598,-1.1746895056390934
4935919094306,ミュスカデ　セーヴル　エ　メーヌ,White,-3.7090461090424887,-0.42965630564034873,-4.815727005234696,1.516959284245658,-2.124585058841359,-2.1594403287398793,-1.9168600387488128,-1.0874500041089596,1.4536968044573157,0.09535217553824912,-0.616032299480707,0.5433301346933324
4935919095303,ドメーヌ デ オート ウーシュ ロゼ ダンジュ,Rose,-0.1861204248353341,4.7621109424043775,-5.025324971441149,2.459173700114284,4.275468180159308,-2.80857992962781,1.6021243669199232,-0.9756476232666337,1.0303509900248944,0.6357168056737985,-1.1694711935626232,0.7914845146363054
4935919098854,エリタージュ,Red,-1.4221452951276246,-2.0457360924441077,0.03451892840953316,-4.328347571771569,1.4352398448009716,-0.6808615054574196,-0.6663278906707591,1.561295283425066,-1.9395795359395585,-1.8646208296467286,-0.06820452036845084,1.5480389840208961
4935919193559,ユルツィガー　ヴュルツガルテン　リースリング　ファインヘルプ,White,7.7267447803523535,12.192483052820823,-1.2652157914510016,11.115537615477592,6.127237276825736,-4.016604384526185,0.7882711983608326,-3.809099713681038,0.900667103376438,-0.6661180796796797,-3.2469596728801062,0.33854575632942996
4935919194624,ヴァイスブルグンダー　ビショッフスクロイツ　トロッケン,White,-2.9165449227884825,1.2308947119402114,-5.3555120970180745,2.637600883990314,-0.8968528885111426,1.988062140227457,0.9708958563452725,1.6285752534665767,1.3533536719342205,0.7132782910709181,-0.32814122362025877,0.15407309545726874
4935919197175,レッド　ヴィンヤード　ドルンフェルダー,Red,11.30076373308662,14.49905311602411,1.4826402204809985,8.262618846732611,12.242138711516569,-2.7061389015520136,-1.870123845017373,1.7403529340591772,-1.3128344770659683,-0.15021183853385847,0.5086572609987965,-2.2827089069118496
4935919197182,ホワイト　ヴィンヤード　モリオ　ムスカート,White,-1.091637510754267,5.744933884268452,-7.288742457172342,2.883081170108138,5.241482243961052,4.116252023779993,8.780036571918332,4.914782845669899,6.591518259720766,-0.11333482599943609,4.856109545927218,-0.6642631766193026
4935919198448,ミュラー　トゥルガウ　フォン　レス,White,-2.625269408093887,2.031528673979863,-5.744220275789425,0.4127780964341727,2.4602373066579792,-0.2671934871760314,0.8742381125034476,1.0596515095043506,0.2226639677641163,0.3131310568888985,0.7264830149412276,-0.5373917056180957
4935919212762,メッツオ　ベルジュラック　ルージュ,Red,1.9506736196452672,-1.3862770875534272,4.144946176219181,0.0708257311235627,-2.031317589548694,-2.270688406897586,1.9035136300016835,1.1581707646011303,-0.3354414688757949,1.0700702076660733,-0.72561325806631,-0.5309122212331778
4935919212915,コトー　デュ　ポン　デュ　ガール　キュヴェ　デ　ガレ,Red,-0.3269968032734552,-2.197765909826706,1.7353225957847387,-1.7342632591734393,-1.373847097424733,-1.6466565752099676,-0.3596024514987584,2.242114946287828,-0.7848110862757344,-0.3654723930112172,0.26587498161691797,1.3017219010910668
4935919213578,ペイ　ドック　メルロ,Red,-3.5871719036569485,-2.715496719476777,-2.357530437238593,-5.9417005433021925,2.101408254038486,-0.2930001916490967,0.381246591626321,0.16728897320482566,-0.1326281493246432,-1.0796407790788949,-0.3843360745336348,-0.1622670143479613
4935919213813,ペイ　ドック　ピノ　ノワール,Red,-0.06641003365967375,-1.0734311400723038,0.9795131697931394,-3.23110209842416,1.7130412218602942,-0.20454498543534166,-1.3000451307773424,-1.2798001710299658,-2.4781555117820413,-0.5787722727477451,0.08421585583110675,0.7372275016771735
4935919217569,ペイ　ドック　カベルネ　ソーヴィニヨン　キュヴェ　ド　ブリュ,Red,-0.1852761510283495,-1.2575641788140357,0.995544133245458,-3.076858750048035,1.2983944328146415,0.11309992253161105,-0.26076544482718095,-1.975223974737703,-0.5084882759029211,1.3262183299572459,0.3208645643576545,-0.3549353494625935
4935919219723,ペイ　ドック　ヴィオニエ,White,-3.9107529319021257,-1.1369740980454632,-4.393665737340868,-1.2282677265415054,-0.3796564629813059,-1.5124262989630972,-1.1847800514658617,-1.0114977266661052,1.4206839845956447,-1.0555633655415586,-0.4891957528913279,0.6709377068467006
4935919310598,ペイ　ドック　シャルドネ,White,-3.6964861741527035,-2.045821467215358,-3.1817994133960297,-1.600436785390271,-1.2927916797397132,-1.216998008728098,-0.43630632452282053,-0.538437643521677,0.6247569419775806,-1.2970546999914752,-0.3232927438434105,-0.26480313627737556
4935919311861,ペイ　ドック　シャルドネ,White,-3.6918256988758777,-1.5314078502454531,-3.6896221230223434,-1.3646678836813884,-0.8010698676603575,-0.2706059470840926,-2.6236879574512826,-2.4904321362619135,1.4812935429613021,0.694854829326879,0.46923397130292843,0.2753999795118963
4935919311878,ペイ　ドック　シラー,Red,-1.5128335050280857,-1.683854581139328,-0.45561507928381667,-2.3071957911476977,-0.07413419456360745,-0.9496887118995667,-3.2766260241643583,-0.1081611487596199,1.8519139552556994,1.1602706140715038,1.6585918402811521,0.2785840991886875
4935919311885,ペイ　ドック　メルロ,Red,-0.37799987754283426,-1.6039563415665719,1.0693837881701265,-2.467113628678268,0.1987768169804897,-1.3693466334132853,-0.446174562199564,-1.2598668939483013,1.1082634931044173,1.266956690540976,0.456133557831168,-1.0986541821625333
4935919312448,ペイ　ドック　カベルネ　ソーヴィニヨン,Red,-0.06687122279255846,-2.198406884610533,2.103836694404824,-2.3815681632807206,-0.7274486685498793,-2.4938805858745354,0.1344451285563793,0.11180454794973156,0.1523556957010401,-0.5948264704104707,-0.021433962112141384,-0.5056801226899991
4935919312455,ペイ　ドック　ピノ　ノワール,Red,2.8677880852803073,-0.10705457457191385,4.162719378787295,0.9892490024635683,-1.1406470337372507,0.709112294134911,-1.9826934730549026,-1.4672179994055792,-3.8750406664011554,3.0421336331483118,3.3180279690190573,-2.764622465784093
4935919312813,コート　ド　ガスコーニュ　ブラン,White,-5.062620865706615,-1.445356187146212,-5.714270902289103,-0.8977161484164727,-1.146326173905566,-1.767047215490141,0.39215154612975517,-1.4785363978249586,0.9782738235984989,0.015744189191044596,-0.7781185383350673,0.31900005283768135
4935919312981,ペイ　ドック　ピノ　ノワール　キュヴェ　ド　ブリュ,Red,0.61473117376629,-1.4295335840125867,2.298894747166406,-2.0357336462167996,0.01406786383838124,-1.5838846501962847,0.18851276338704742,-0.47322199419768674,-0.845955325565238,-0.22458350976658098,-0.7649319017419978,0.3846341907829842
4935919314237,マルベック　ラ　ヴィーニュ　ア　レオンス,Red,1.016323689150847,-2.4632659929525813,3.900564737910767,-0.7036704609625725,-2.779913714003397,-2.1362074879237354,1.5801698467999772,2.0385903509379846,1.2219891300615808,0.9787653898313529,-0.016944468180397843,-0.322984125841644
4935919314473,フィトゥ,Red,-0.14195116198107238,-2.5679679743869612,2.3672187159187086,-2.4028557865717466,-1.228799350546059,-0.4397097213636976,0.7868164198265285,0.547871701909914,-0.5431955379105231,0.25810437553730703,-0.3769699896101624,-0.8461068670551819
4935919316262,ヴァントゥー　レ　テール　ルージュ,Red,0.6703227286266097,-2.201657236891667,3.1496367308823583,-2.2440134629673145,-0.8696000611417559,0.6145913393755082,0.3802048251403788,0.7225878198696594,-0.4371195825894217,0.4891511868239839,-0.6254439637808337,-0.43530655352947334
4935919316392,ヴァン　ド　ペイ　ド　メディテラネ　ルージュ　グルナッシュ,Red,-0.28921242930960184,-1.2369602354022236,0.8279520954657146,-2.7798737656894503,1.0305478246674094,-0.12756590869635984,-0.9646852299435555,1.0259224246611998,-1.3750569078196293,-0.7516499046217227,-0.5108553876173858,0.6505636730082324
4935919318006,ビュルル　エスク,Red,3.0012319876353475,-0.8429276287858509,5.08731060952772,-1.6129739195037482,0.4208942347758041,0.43820000967637324,-1.5119631858804243,-0.4409570333677065,2.0298720260944525,-0.8106068465147916,0.8548185724205254,-0.7930925620012635
4935919319140,ペイ　ドック　ソーヴィニヨン　ブラン,White,-5.6459028809086895,-1.865714226998034,-6.118798199024364,-2.6655832713153482,0.02706490798229291,-0.20400560694111064,0.3896196233541982,-0.0868403889588021,-0.14922138682778316,-0.2926914027562127,-0.17135192946934932,-0.5310047354842664
4935919319157,ペイ　ドック　マルスラン　セパージュ　ウーブリエ　No.7,Red,-0.7281896806969007,-1.6336515599136223,0.6038358374919317,-2.6747981114410377,0.36446591921923,-0.7105977571480023,0.8082795663184194,-2.501679784898334,-0.7484651038265112,1.1833168132730738,2.0213065188838777,-1.4510752984851814
4935919319164,ペイ　ドック　アリカンテ　ブーシェ　セパージュ　ウーブリエ　No.5,Red,-1.4145262689101135,-2.707086231987499,0.7066439981618043,-2.217622964989745,-1.6107750988004548,-2.4960110387911056,-1.2037281194690848,1.6262752424418319,1.7241605438062173,0.2773115539964174,0.4297711681045484,-0.37689587171794325
4935919319171,ペイ　ドック　カベルネ　ソーヴィニヨン,Red,1.5282864400850908,-2.4282011750348538,4.589524585794086,-1.3506741555729254,-2.0833208783316506,-1.7441796850399134,1.925796095240695,0.17537726455102826,2.157184139192119,0.7322829800621375,-0.6849338240404242,-1.2898498239488458
4935919319843,シャトー　ムーラン　クーレッシュ,Red,3.5244967984235336,0.0005624743124941264,4.98382869855862,-0.6061320769055065,0.6069275357067222,0.7460984555325929,1.365507996929413,-2.278144086021693,-2.28034631561357,-0.4910249458738882,1.800116599117203,-1.586161268937322
4935919360012,カステロ　ダルバ　ドウロ　ブランコ,White,-2.7608426283110408,-0.07202133276511861,-3.8323997557701377,2.620471523295444,-2.7223250688720606,-0.6246468106427701,1.2004058095230854,1.3128289004872027,-1.086780785655379,-0.603939568580142,0.3183518838486918,-0.28625203512153297
4935919360036,カステロ　ダルバ　ドウロ　ティント,Red,0.6029641313667408,-1.6414297013310621,2.4941497535344195,-3.000073252150271,0.6787411068458636,-0.6831687301637352,0.3497937206052269,0.8595658910379417,0.9916728276879158,-1.386246389806053,0.4774699037784375,-0.33038929243233534
4935919360210,ベイラ　ティント,Red,3.59190524603677,0.6414781631799302,4.438242950524339,-0.092949931968838,1.0001370503040767,-0.5027053044848965,-0.848370412286252,1.284949674494299,2.178760495531297,-0.510170755251196,-0.0605815616842394,-0.4693774676812182
4935919360258,ベイラ　ブランコ,White,-3.0335593195779724,-1.5726500806133665,-2.7174506513971,0.6757505084743074,-2.8998135813448718,-1.6915660149812248,1.406036255412954,0.13917435783966758,0.019795290232677464,-0.25457973882025337,-0.9893316081386705,-0.016496427600042104
4935919360289,アルトス　ダ　ベイラ　ブランコ,White,-5.459465656344748,-1.524899255961121,-6.195951118551753,-2.2675460838663515,0.11101287483349229,0.4345019739727954,0.3304923177742856,0.04574192596033782,-0.28375277689430684,0.09748490538073905,-0.2713398459823916,-0.6606013137055506
4935919940337,パッソ　デイ　カプリオーリ　トスカーナ　ロッソ,Red,2.537127564856755,-0.4447944296638674,4.032834641354915,-2.874996383203431,2.245962068304784,5.152736103099417,0.31573349181450383,-2.45849046600713,1.19783773787222,1.2154001789213043,-0.2030475950489794,1.0827970234885091
4935919940399,チェラズオーロ　ダブルッツォ　スペリオーレ,Rose,-1.4392374752987134,-0.0452965136052976,-1.9900926434377555,0.13510310289352254,-0.19916204676235183,2.638290877844553,3.083526034445264,-1.728866850432459,-3.9662026817040963,-0.6554650976648839,-1.852890837200146,2.3879580298218728
4935919940412,コルテーゼ　アルト　モンフェッラート　グラッフィティ,White,-4.806605215820076,-1.0077509634162278,-5.789815321769782,-0.8821878167963603,-0.542987263161422,-0.08551255413779155,-0.7736748354981015,0.3117814519887492,0.31425142362132585,1.000607463881144,-0.06641641839317924,-0.43602427091257345
4935919940610,カーザ　バリコーニ　サンジョヴェーゼ,Red,-1.6924989922091727,-0.5863322012351051,-1.8072228278499023,-3.651713216349794,2.8225142653070376,0.15609303250338144,0.32621643815212936,0.5730011143487701,-1.1066053095183823,-0.1618192837869213,-0.2694107484180939,0.434573568221283
4935919940658,ファンティーニ　チェラズオーロ　ダブルッツオ,Rose,-6.276795961300562,-2.430415853618158,-6.446314123101765,-5.040785439582228,1.6036583771888457,-0.18650961022008955,0.3739659691101828,0.6042456374340961,0.14472387121938154,0.5164972878849962,-0.0005792923308223176,0.6165136464561287
4935919961547,フェフェ　コンテ　トロザン　ブラン,White,-4.468558415478932,-0.635306912026506,-5.684189003400228,0.08645306203031655,-0.9849127132875721,-1.691713664166289,-0.44354428931064493,-3.9686603944732117,0.8996089214036329,0.5560042893447764,-0.4130789512178944,1.0705962324798595
4935919961554,フェフェ　ヴァン　ド　フランス　ルージュ,Red,-1.6394956815786121,-1.919203418052784,-0.39939361028781084,-1.992002506037819,-0.7221609967252292,-2.1087259949327954,-0.016776184733136242,1.21535510155702,-0.32382425034149576,0.1589304626060529,0.5641445839118768,-0.09565799994856136
4935919961592,シャトー　レ　ヴァレー　ルージュ,Red,1.320088067469,-2.1494710590374564,4.016357507579006,-0.9085568508609734,-2.1312542727582575,-2.620711744566392,1.4073386335901725,0.7153609389897578,1.2639180073342873,0.8789985992686461,-0.19566216113792936,-1.25942063289719
4935919962865,ヴュー　シャトー　ルネサンス,Red,2.316498805382093,-2.254176106835743,5.530200134628172,-1.08977239685951,-2.098114025404981,-1.6437105786999766,1.753745251222582,0.9488493060283018,1.3369475939907345,0.6328654097908428,-0.07910669505318184,-1.3841909488424462
4935919980012,キシナウル　ヴェキ　スプマン　ブリュット,Spa,-1.3620560090501417,2.106240748995316,-4.032478829705798,2.689935855747717,0.2887383771043256,-0.7347550399269739,0.6065610535148308,-2.7018393523140065,-1.790633160208457,-0.5317522797088968,4.206366577706402,-0.5356989386042594
4935919980029,キシナウル　ヴェキ　スプマン　デミセック,Spa,7.120409525414022,13.18347663745056,-3.1136969169594764,9.450824083191051,9.193427376720381,-1.3754214736000852,0.3264387197241207,0.6005509168860783,-1.0704711024999731,-1.2773084258585885,-0.16552882831565716,-1.474242249689527
4935919980043,ソーヴィニヨン　ブラン,White,-2.020965668401386,0.658140352868689,-3.5162174102123367,3.1620422674916697,-2.231291254519755,-0.9731606305512714,0.6447676993317067,0.9052961640117404,-0.31179117463663175,0.7800362148402633,-0.010317093952698803,-0.11899285996952681
4935919980050,リースリング　デ　ライン,White,-2.070110316382228,1.6818919710709508,-4.609470056107157,4.9587555348783665,-2.5802010989434105,2.553348500032938,-1.6449662495299753,1.3503951965913468,-0.5203707676016841,3.3643705747507595,2.088630097740155,3.101941659440439
4935919980067,シャルドネ,White,-5.868783308328271,-2.4053277122239716,-5.8943852370427114,-4.014235002294221,0.6125879297152311,-0.1264627511803047,0.02983317320884248,-1.489076419322148,1.1606044516347451,-0.17871369293634656,-0.9631322590405348,-0.5487774733317982
4935919980098,カベルネ　ソーヴィニヨン,Red,-3.3015543125740456,-1.8247774868473285,-2.8443253989062676,-5.20870774222561,2.628082672013026,0.5738595468847812,1.6196085849699149,-0.48747166267082054,-0.5308990743390796,-0.14172755254740219,-0.37514988898080837,-0.6648980589094133
4935919980135,インディヴィド　メルロ　カベルネ　ソーヴィニヨン,Red,2.0566215076231327,-1.06536948983288,3.973871518581716,-0.33955332032290275,-1.1671066611372616,-1.356176325260091,1.26701415252342,0.9613854839341112,-0.08934054306947692,-2.5940102608196036,0.4822582248199065,0.519678454120243
8410396780219,テンプラニーリョ　ドラゴン　ビノ　デ　ラ　ティエラ,Red,-0.9061154188120873,-1.7639265022151787,0.48248578785574764,-3.139828796584887,0.6452600141228458,-0.4433443550243749,-0.805617345974581,0.4034479641348738,-0.741176341192348,-1.2816632884403723,0.0903958180946605,0.045352557176197315
blendF,blendF,Rose,1.5349547549097238,1.7315209305521135,0.43923290147028793,2.0902446160132255,0.3584957675064557,-0.9357568301631356,0.20161624413967869,0.8654262223773227,-2.8533181761290556,1.1632327443743329,-1.1629877731585572,0.9781854420187213
